filename,code,price,category
Breath-Life-Red_450x450_crop_center.jpg,JVT0001,21.99,couple-tshirts
Breath-Life-Yellow_450x450_crop_center.jpg,JVT0002,21.99,couple-tshirts
Fully-Booked-Black_450x450_crop_center.jpg,JVT0003,21.99,couple-tshirts
Fully-Booked-White_450x450_crop_center.jpg,JVT0004,21.99,couple-tshirts
Good-Life-Navy-Blue_450x450_crop_center.jpg,JVT0005,21.99,couple-tshirts
Good-Life-White_450x450_crop_center.jpg,JVT0006,21.99,couple-tshirts
Heer-Ranjha-Maroon_450x450_crop_center.jpg,JVT0007,21.99,couple-tshirts
Heer-Ranjha-Navy-Blue_450x450_crop_center.jpg,JVT0008,21.99,couple-tshirts
Infinity-Beyond-Navy-blue_450x450_crop_center.jpg,JVT0009,21.99,couple-tshirts
Infinity-Beyond-Yellow_450x450_crop_center.jpg,JVT0010,21.99,couple-tshirts
Istoleherheart-B_450x450_crop_center.jpg,JVT0011,21.99,couple-tshirts
Istoleherheart-R_450x450_crop_center.jpg,JVT0012,21.99,couple-tshirts
LO-VE-red2_2ab3b883-d7f9-4eec-b9c6-2b0416769786_450x450_crop_center.jpg,JVT0013,21.99,couple-tshirts
Laila-Majnu-Navy-Blue_450x450_crop_center.jpg,JVT0014,21.99,couple-tshirts
Laila-Majnu-Red_450x450_crop_center.jpg,JVT0015,21.99,couple-tshirts
Layer1_450x450_crop_center.png,JVT0016,21.99,couple-tshirts
Layer2_450x450_crop_center.png,JVT0017,21.99,couple-tshirts
Layer3_450x450_crop_center.png,JVT0018,21.99,couple-tshirts
Layer4_450x450_crop_center.png,JVT0019,21.99,couple-tshirts
Love-heart-Black_450x450_crop_center.jpg,JVT0020,21.99,couple-tshirts
Lovelycouple-web_450x450_crop_center.jpg,JVT0021,21.99,couple-tshirts
Mild-one-Wild-One-BW_450x450_crop_center.jpg,JVT0022,21.99,couple-tshirts
Mild-one-Wild-One-RB_450x450_crop_center.jpg,JVT0023,21.99,couple-tshirts
Our-story-never-end-Black_450x450_crop_center.jpg,JVT0024,21.99,couple-tshirts
RK-Love-Black_450x450_crop_center.jpg,JVT0025,21.99,couple-tshirts
RK-Love-Red_450x450_crop_center.jpg,JVT0026,21.99,couple-tshirts
Soul-Mate-Black_450x450_crop_center.jpg,JVT0027,21.99,couple-tshirts
Soul-Mate-White_450x450_crop_center.jpg,JVT0028,21.99,couple-tshirts
The-Queen-His-King-black_450x450_crop_center.jpg,JVT0029,21.99,couple-tshirts
TheKingHisQueen_450x450_crop_center.jpg,JVT0030,21.99,couple-tshirts
Truly-Madly-Deeply-Black_450x450_crop_center.jpg,JVT0031,21.99,couple-tshirts
Truly-Madly-Deeply-White_450x450_crop_center.jpg,JVT0032,21.99,couple-tshirts
ahirahiranigujR_450x450_crop_center.jpg,JVT0033,21.99,couple-tshirts
ahirahiranigujb_450x450_crop_center.jpg,JVT0034,21.99,couple-tshirts
all-u-need-vitamene-gy-2_450x450_crop_center.jpg,JVT0035,21.99,couple-tshirts
all-u-need-vitamene-gy_450x450_crop_center.jpg,JVT0036,21.99,couple-tshirts
angel-devil-couple-tshirt_450x450_crop_center.jpg,JVT0037,21.99,couple-tshirts
angel-devil-white_450x450_crop_center.jpg,JVT0038,21.99,couple-tshirts
behtar-togethar-white_450x450_crop_center.jpg,JVT0039,21.99,couple-tshirts
behtar-togethar-yellow_450x450_crop_center.jpg,JVT0040,21.99,couple-tshirts
better-together-grey_450x450_crop_center.jpg,JVT0041,21.99,couple-tshirts
better-together-red_450x450_crop_center.jpg,JVT0042,21.99,couple-tshirts
betterTogetherWithHeart-NB_450x450_crop_center.jpg,JVT0043,21.99,couple-tshirts
betterTogetherWithHeart-Red_450x450_crop_center.jpg,JVT0044,21.99,couple-tshirts
bride-groom-NB_450x450_crop_center.jpg,JVT0045,21.99,couple-tshirts
bride-groom-Red_450x450_crop_center.jpg,JVT0046,21.99,couple-tshirts
bride-groom-black2_450x450_crop_center.jpg,JVT0047,21.99,couple-tshirts
bride-groom-black_450x450_crop_center.jpg,JVT0048,21.99,couple-tshirts
colorfulpackman-black_450x450_crop_center.jpg,JVT0049,21.99,couple-tshirts
colorfulpackman-red_450x450_crop_center.jpg,JVT0050,21.99,couple-tshirts
do-not-look-her-him-white_450x450_crop_center.jpg,JVT0051,21.99,couple-tshirts
do-not-look-him-her-3_450x450_crop_center.jpg,JVT0052,21.99,couple-tshirts
endless-love-black_450x450_crop_center.jpg,JVT0053,21.99,couple-tshirts
endless-love-white_450x450_crop_center.jpg,JVT0054,21.99,couple-tshirts
he-she-mine-white1_1_450x450_crop_center.jpg,JVT0055,21.99,couple-tshirts
he-she-mine-white_450x450_crop_center.jpg,JVT0056,21.99,couple-tshirts
heartwithcustomizename-red_450x450_crop_center.jpg,JVT0057,21.99,couple-tshirts
heartwithcustomizename-white_450x450_crop_center.jpg,JVT0058,21.99,couple-tshirts
her-his-only-RB_450x450_crop_center.jpg,JVT0059,21.99,couple-tshirts
her-his-only-maroon_450x450_crop_center.jpg,JVT0060,21.99,couple-tshirts
just-you_me-NB_450x450_crop_center.jpg,JVT0061,21.99,couple-tshirts
just-you_me-Red_450x450_crop_center.jpg,JVT0062,21.99,couple-tshirts
king-queen-red-1_450x450_crop_center.jpg,JVT0063,21.99,couple-tshirts
love-birds-1_36_450x450_crop_center.jpg,JVT0064,21.99,couple-tshirts
love-birds-red_36_450x450_crop_center.jpg,JVT0065,21.99,couple-tshirts
love-wife-husband-pink_450x450_crop_center.jpg,JVT0066,21.99,couple-tshirts
love-wife-husband-white_450x450_crop_center.jpg,JVT0067,21.99,couple-tshirts
micky-minnie-maroon_450x450_crop_center.jpg,JVT0068,21.99,couple-tshirts
micky-minnie-navy-blue_450x450_crop_center.jpg,JVT0069,21.99,couple-tshirts
mochicat-p_450x450_crop_center.jpg,JVT0070,21.99,couple-tshirts
mochicat-w_450x450_crop_center.jpg,JVT0071,21.99,couple-tshirts
mr-muchchad-1_c9c53ec7-1445-40f5-81b6-7324721418d0_450x450_crop_center.jpg,JVT0072,21.99,couple-tshirts
mr.mrs-white_450x450_crop_center.jpg,JVT0073,21.99,couple-tshirts
mrlazyMisscrazy-single_450x450_crop_center.jpg,JVT0074,21.99,couple-tshirts
mrlazyMisscrazy-two_450x450_crop_center.jpg,JVT0075,21.99,couple-tshirts
onenonly-b_450x450_crop_center.jpg,JVT0076,21.99,couple-tshirts
onenonly-y_450x450_crop_center.jpg,JVT0077,21.99,couple-tshirts
packman-mint_450x450_crop_center.jpg,JVT0078,21.99,couple-tshirts
packman-petrolblue_450x450_crop_center.jpg,JVT0079,21.99,couple-tshirts
patelpatlanieng-b-R_450x450_crop_center.jpg,JVT0080,21.99,couple-tshirts
patelpatlanieng-b_450x450_crop_center.jpg,JVT0081,21.99,couple-tshirts
patelpatlaniguj-R_450x450_crop_center.jpg,JVT0082,21.99,couple-tshirts
patelpatlaniguj-b_450x450_crop_center.jpg,JVT0083,21.99,couple-tshirts
raja-rani_450x450_crop_center.jpg,JVT0084,21.99,couple-tshirts
shakti-sahanshakti-maroon_450x450_crop_center.jpg,JVT0085,21.99,couple-tshirts
shakti-sahanshakti-navyblue_450x450_crop_center.jpg,JVT0086,21.99,couple-tshirts
soul-mate-key_450x450_crop_center.jpg,JVT0087,21.99,couple-tshirts
the-boss-real-boss_450x450_crop_center.jpg,JVT0088,21.99,couple-tshirts
theboss-therealboss-maroon_450x450_crop_center.jpg,JVT0089,21.99,couple-tshirts
theboss-therealboss-mint_450x450_crop_center.jpg,JVT0090,21.99,couple-tshirts
toinfinite-andbeyond-petroblue_450x450_crop_center.jpg,JVT0091,21.99,couple-tshirts
toinfinite-andbeyond-red_450x450_crop_center.jpg,JVT0092,21.99,couple-tshirts
trap-trapped-petroblue_450x450_crop_center.jpg,JVT0093,21.99,couple-tshirts
trap-trapped-royalblue_450x450_crop_center.jpg,JVT0094,21.99,couple-tshirts
true-love-r_450x450_crop_center.jpg,JVT0095,21.99,couple-tshirts
true-love-y_450x450_crop_center.jpg,JVT0096,21.99,couple-tshirts
truelovestory-mint_450x450_crop_center.jpg,JVT0097,21.99,couple-tshirts
truelovestory-pink_450x450_crop_center.jpg,JVT0098,21.99,couple-tshirts
wierdo-royal-blue_450x450_crop_center.jpg,JVT0099,21.99,couple-tshirts
wierdo-white_450x450_crop_center.jpg,JVT0100,21.99,couple-tshirts
Black-ilovemyfamily_450x450_crop_center.jpg,JVT0101,37.99,family-tshirts
Coolmomdad_450x450_crop_center.jpg,JVT0102,37.99,family-tshirts
M-MIS-J-W_450x450_crop_center.jpg,JVT0103,37.99,family-tshirts
SUPER-MOM_450x450_crop_center.jpg,JVT0104,37.99,family-tshirts
Vacaymode_Black_c012e6b1-fccd-4f41-b2bd-2961ca54d6b7_450x450_crop_center.jpg,JVT0105,37.99,family-tshirts
Vacaymode_w_450x450_crop_center.jpg,JVT0106,37.99,family-tshirts
We-are-one-new_450x450_crop_center.jpg,JVT0107,37.99,family-tshirts
bear-family-red-min_450x450_crop_center.jpg,JVT0108,37.99,family-tshirts
cool-family-red-min_450x450_crop_center.jpg,JVT0109,37.99,family-tshirts
cool-mom-dad-min_450x450_crop_center.jpg,JVT0110,37.99,family-tshirts
cooldadmomsondaughter-b_f3cb2fd1-112e-4542-af6c-91cfe2b7a20a_450x450_crop_center.jpg,JVT0111,37.99,family-tshirts
coolest-family-white-min_450x450_crop_center.jpg,JVT0112,37.99,family-tshirts
dad-mom-daughter-son_450x450_crop_center.jpg,JVT0113,37.99,family-tshirts
hamsathsathhai_450x450_crop_center.jpg,JVT0114,37.99,family-tshirts
heshetheyaremine_450x450_crop_center.jpg,JVT0115,37.99,family-tshirts
i-love-my-family-black-min_450x450_crop_center.jpg,JVT0116,37.99,family-tshirts
iwillbethecaptain-bg-yellow_450x450_crop_center.jpg,JVT0117,37.99,family-tshirts
iwillbethecaptain-bg_450x450_crop_center.jpg,JVT0118,37.99,family-tshirts
maroon-momdad2_450x450_crop_center.jpg,JVT0119,37.99,family-tshirts
mom-dad-son-daughter_450x450_crop_center.jpg,JVT0120,37.99,family-tshirts
rule-maker-rule-breaker-black-3-min_450x450_crop_center.jpg,JVT0121,37.99,family-tshirts
together-we-rock_450x450_crop_center.jpg,JVT0122,37.99,family-tshirts
vacation-mode-on_aa7ea7e2-beb9-40d8-9ee2-fe1ebd12ec7a_450x450_crop_center.jpg,JVT0123,37.99,family-tshirts
vacaymode_light-w_450x450_crop_center.jpg,JVT0124,37.99,family-tshirts
we-are-one-black_450x450_crop_center.jpg,JVT0125,37.99,family-tshirts
world-coolest-family-yellow-min_450x450_crop_center.jpg,JVT0126,37.99,family-tshirts
2-G1_450x450_crop_center.jpg,JVT0127,21.99,group-tshirts
APD-yellow_450x450_crop_center.jpg,JVT0128,31.99,group-tshirts
BFF-grey_450x450_crop_center.jpg,JVT0129,31.99,group-tshirts
bhayankar-pakke-dost-marron_450x450_crop_center.jpg,JVT0130,39.99,group-tshirts
bhayankar-pakke-dost-royal-blue_450x450_crop_center.jpg,JVT0131,39.99,group-tshirts
black2_450x450_crop_center.jpg,JVT0132,21.99,group-tshirts
gray_450x450_crop_center.jpg,JVT0133,21.99,group-tshirts
tshirt-boleto-jakkas_627e071e-bfb6-4993-82b6-0bd69563385b_450x450_crop_center.jpg,JVT0134,10.99,group-tshirts
wierdo-royal-blue_450x450_crop_center.jpg,JVT0135,21.99,group-tshirts
wierdo-white_450x450_crop_center.jpg,JVT0136,21.99,group-tshirts
ahirahiranigujR_450x450_crop_center.jpg,JVT0137,19.99,gujarati-couple-tshirts
ahirahiranigujb_450x450_crop_center.jpg,JVT0138,19.99,gujarati-couple-tshirts
patelpatlanieng-b-R_450x450_crop_center.jpg,JVT0139,19.99,gujarati-couple-tshirts
patelpatlanieng-b_450x450_crop_center.jpg,JVT0140,19.99,gujarati-couple-tshirts
patelpatlaniguj-R_450x450_crop_center.jpg,JVT0141,19.99,gujarati-couple-tshirts
patelpatlaniguj-b_450x450_crop_center.jpg,JVT0142,19.99,gujarati-couple-tshirts
bts-grey_450x450_crop_center.jpg,JVT0143,12.99,hoodies
bts-maroon_450x450_crop_center.jpg,JVT0144,12.99,hoodies
dream-believe-achieve-grey_450x450_crop_center.jpg,JVT0145,12.99,hoodies
dream-believe-achieve-maroon_450x450_crop_center.jpg,JVT0146,12.99,hoodies
mm-black2_450x450_crop_center.jpg,JVT0147,12.99,hoodies
mm-grey_450x450_crop_center.jpg,JVT0148,12.99,hoodies
panda-pink_450x450_crop_center.jpg,JVT0149,12.99,hoodies
panda-yellow_450x450_crop_center.jpg,JVT0150,12.99,hoodies
sv-navy_450x450_crop_center.jpg,JVT0151,12.99,hoodies
sv-yellow_450x450_crop_center.jpg,JVT0152,12.99,hoodies
birthdayboy10_450x450_crop_center.jpg,JVT0153,8.99,kids-boy-tshirts
birthdayboy11_450x450_crop_center.jpg,JVT0154,8.99,kids-boy-tshirts
birthdayboy12_450x450_crop_center.jpg,JVT0155,8.99,kids-boy-tshirts
birthdayboy13_450x450_crop_center.jpg,JVT0156,8.99,kids-boy-tshirts
birthdayboy14_450x450_crop_center.jpg,JVT0157,8.99,kids-boy-tshirts
birthdayboy15_450x450_crop_center.jpg,JVT0158,8.99,kids-boy-tshirts
birthdayboy17_450x450_crop_center.jpg,JVT0159,8.99,kids-boy-tshirts
birthdayboy18_450x450_crop_center.jpg,JVT0160,8.99,kids-boy-tshirts
birthdayboy19_450x450_crop_center.jpg,JVT0161,8.99,kids-boy-tshirts
birthdayboy1_450x450_crop_center.jpg,JVT0162,8.99,kids-boy-tshirts
birthdayboy1_7a2e585c-3fea-41b0-aba2-4dd58f56d071_450x450_crop_center.jpg,JVT0163,8.99,kids-boy-tshirts
birthdayboy20_450x450_crop_center.jpg,JVT0164,8.99,kids-boy-tshirts
birthdayboy21_450x450_crop_center.jpg,JVT0165,8.99,kids-boy-tshirts
birthdayboy2_450x450_crop_center.jpg,JVT0166,8.99,kids-boy-tshirts
birthdayboy3_450x450_crop_center.jpg,JVT0167,8.99,kids-boy-tshirts
birthdayboy4_450x450_crop_center.jpg,JVT0168,8.99,kids-boy-tshirts
birthdayboy5_450x450_crop_center.jpg,JVT0169,8.99,kids-boy-tshirts
birthdayboy7_450x450_crop_center.jpg,JVT0170,8.99,kids-boy-tshirts
birthdayboy8_450x450_crop_center.jpg,JVT0171,8.99,kids-boy-tshirts
birthdayboy9_450x450_crop_center.jpg,JVT0172,8.99,kids-boy-tshirts
brother-b_40175d0a-bb04-49db-aa21-ff929eec0577_450x450_crop_center.jpg,JVT0173,8.99,kids-boy-tshirts
cool-like-dad-boy-b_26181f84-304c-477e-ad14-697d9f21ba92_450x450_crop_center.jpg,JVT0174,8.99,kids-boy-tshirts
cool-like-dad-boy-r_1356fa0e-9047-40f0-88a6-a6fe69be3f45_450x450_crop_center.jpg,JVT0175,8.99,kids-boy-tshirts
cool-like-mom-boy-b_450x450_crop_center.jpg,JVT0176,8.99,kids-boy-tshirts
cool-like-mom-boy-r_450x450_crop_center.jpg,JVT0177,8.99,kids-boy-tshirts
my-dad-my-hero-m-r_450x450_crop_center.jpg,JVT0178,8.99,kids-boy-tshirts
prince-b_da47c51e-1245-43ad-9094-8cdf2154156e_450x450_crop_center.jpg,JVT0179,8.99,kids-boy-tshirts
prince_450x450_crop_center.jpg,JVT0180,8.99,kids-boy-tshirts
birthdayboy11_450x450_crop_center.jpg,JVT0181,8.99,kids-girl-tshirts
birthdayboy13_450x450_crop_center.jpg,JVT0182,8.99,kids-girl-tshirts
birthdayboy1_450x450_crop_center.jpg,JVT0183,8.99,kids-girl-tshirts
birthdayboy21_450x450_crop_center.jpg,JVT0184,8.99,kids-girl-tshirts
birthdayboy2_450x450_crop_center.jpg,JVT0185,8.99,kids-girl-tshirts
birthdayboy3_450x450_crop_center.jpg,JVT0186,8.99,kids-girl-tshirts
birthdayboy8_450x450_crop_center.jpg,JVT0187,8.99,kids-girl-tshirts
birthdaygirl1_450x450_crop_center.jpg,JVT0188,8.99,kids-girl-tshirts
birthdaygirl2_450x450_crop_center.jpg,JVT0189,8.99,kids-girl-tshirts
birthdaygirl3_450x450_crop_center.jpg,JVT0190,8.99,kids-girl-tshirts
birthdaygirl4_450x450_crop_center.jpg,JVT0191,8.99,kids-girl-tshirts
birthdaygirl5_450x450_crop_center.png,JVT0192,8.99,kids-girl-tshirts
cool-like-dad-girl-b_450x450_crop_center.jpg,JVT0193,8.99,kids-girl-tshirts
cool-like-dad-girl-r_450x450_crop_center.jpg,JVT0194,8.99,kids-girl-tshirts
cool-like-mom-girl-b_450x450_crop_center.jpg,JVT0195,8.99,kids-girl-tshirts
cool-like-mom-girl-r_450x450_crop_center.jpg,JVT0196,8.99,kids-girl-tshirts
my-dad-my-hero-f-r_450x450_crop_center.jpg,JVT0197,8.99,kids-girl-tshirts
princess-b_450x450_crop_center.jpg,JVT0198,8.99,kids-girl-tshirts
princess_450x450_crop_center.jpg,JVT0199,8.99,kids-girl-tshirts
sister-b_450x450_crop_center.jpg,JVT0200,8.99,kids-girl-tshirts
Eklaeklakyaupadya_450x450_crop_center.jpg,JVT0201,10.99,men-funky-tshirts
foodie-kismat-ani-w_450x450_crop_center.jpg,JVT0203,10.99,men-funky-tshirts
musafir-black_450x450_crop_center.jpg,JVT0204,10.99,men-funky-tshirts
namaste-red-m_450x450_crop_center.jpg,JVT0205,10.99,men-funky-tshirts
namaste-yellow-m_450x450_crop_center.jpg,JVT0206,10.99,men-funky-tshirts
paghadi-1_450x450_crop_center.jpg,JVT0207,10.99,men-funky-tshirts
raja-rani_450x450_crop_center.jpg,JVT0208,19.99,gujarati-couple-tshirts
tshirt-boleto-jakkas_627e071e-bfb6-4993-82b6-0bd69563385b_450x450_crop_center.jpg,JVT0209,10.99,men-funky-tshirts
02_0a0d17b5-385f-451e-84b1-4cef575fda0e_450x450_crop_center.jpg,JVT0210,9.99,men-gujarati-tshirts
02_450x450_crop_center.jpg,JVT0211,9.99,men-gujarati-tshirts
02_5cd1e24d-e9cf-496b-b1a6-05da412b62ce_450x450_crop_center.jpg,JVT0212,9.99,men-gujarati-tshirts
02_917d7fe6-ab7d-44b9-ad82-f12048d9e7ae_450x450_crop_center.jpg,JVT0213,9.99,men-gujarati-tshirts
02_f48dcba3-75aa-45d2-9cf0-21c95408b23e_450x450_crop_center.jpg,JVT0214,9.99,men-gujarati-tshirts
03_30b69ea6-9e7d-4ebe-8471-18ca0cc5213a_450x450_crop_center.jpg,JVT0215,9.99,men-gujarati-tshirts
03_450x450_crop_center.jpg,JVT0216,9.99,men-gujarati-tshirts
03_5d22b128-d528-44b7-817c-d336b7f1c31a_450x450_crop_center.jpg,JVT0217,9.99,men-gujarati-tshirts
03_c59b992c-61bb-4ead-b3dd-077e9537a765_450x450_crop_center.jpg,JVT0218,9.99,men-gujarati-tshirts
03_d45973eb-b531-4abe-9a04-4953070c2f8f_450x450_crop_center.jpg,JVT0219,9.99,men-gujarati-tshirts
6etoreje2-model_450x450_crop_center.jpg,JVT0220,9.99,men-gujarati-tshirts
6etoreje3-model_450x450_crop_center.jpg,JVT0221,9.99,men-gujarati-tshirts
Aalsunopir02_450x450_crop_center.jpg,JVT0222,9.99,men-gujarati-tshirts
ChhasInside1_450x450_crop_center.jpg,JVT0223,9.99,men-gujarati-tshirts
ChhasInside2_450x450_crop_center.jpg,JVT0224,9.99,men-gujarati-tshirts
Eklaeklakyaupadya_450x450_crop_center.jpg,JVT0225,9.99,men-gujarati-tshirts
G-K-K-G-maroorn_450x450_crop_center.jpg,JVT0226,9.99,men-gujarati-tshirts
G-K-K-G_450x450_crop_center.jpg,JVT0227,9.99,men-gujarati-tshirts
Garvi-guajarat1_450x450_crop_center.jpg,JVT0228,9.99,men-gujarati-tshirts
Garvi-guajarat2_450x450_crop_center.jpg,JVT0229,9.99,men-gujarati-tshirts
Globgujju01_450x450_crop_center.jpg,JVT0230,9.99,men-gujarati-tshirts
Globgujju02_450x450_crop_center.jpg,JVT0231,9.99,men-gujarati-tshirts
Hmanakadki6e02_450x450_crop_center.jpg,JVT0232,9.99,men-gujarati-tshirts
Hmanakadki6e03_450x450_crop_center.jpg,JVT0233,9.99,men-gujarati-tshirts
ILoveGJ_450x450_crop_center.jpg,JVT0234,9.99,men-gujarati-tshirts
MAHAKAL_0873ac60-b604-40aa-aeaa-d85624858439_450x450_crop_center.jpg,JVT0235,9.99,men-gujarati-tshirts
Netflix-nastomodel2_450x450_crop_center.jpg,JVT0236,9.99,men-gujarati-tshirts
Netflix-nastomodel_450x450_crop_center.jpg,JVT0237,9.99,men-gujarati-tshirts
Rastamaj6u03_450x450_crop_center.jpg,JVT0238,9.99,men-gujarati-tshirts
Suvatlare6e02_a96dad24-7324-4e41-81a3-a374bfff353e_450x450_crop_center.jpg,JVT0239,9.99,men-gujarati-tshirts
Suvatlare6e03_bcd06a18-0dc1-449e-9c68-dd130613085e_450x450_crop_center.jpg,JVT0240,9.99,men-gujarati-tshirts
aalsunopir-gray_450x450_crop_center.jpg,JVT0241,9.99,men-gujarati-tshirts
aapnejaapnaboss-01_450x450_crop_center.jpg,JVT0242,9.99,men-gujarati-tshirts
amdawadi-RB_450x450_crop_center.jpg,JVT0243,9.99,men-gujarati-tshirts
amdawadi-black_450x450_crop_center.jpg,JVT0244,9.99,men-gujarati-tshirts
badimohmaya6e2_450x450_crop_center.jpg,JVT0245,9.99,men-gujarati-tshirts
badimohmaya6e3_450x450_crop_center.jpg,JVT0246,9.99,men-gujarati-tshirts
bhagwan-bharose-black_450x450_crop_center.jpg,JVT0247,9.99,men-gujarati-tshirts
bhagwan-bharose-white_450x450_crop_center.jpg,JVT0248,9.99,men-gujarati-tshirts
bhudev-mockup-black_450x450_crop_center.jpg,JVT0249,9.99,men-gujarati-tshirts
bhudev-mockup-white_450x450_crop_center.jpg,JVT0250,9.99,men-gujarati-tshirts
dhirajna-fal-w_fc24207a-4828-4305-b115-790aede509fb_450x450_crop_center.jpg,JVT0251,9.99,men-gujarati-tshirts
eni-maa-ne-white-bm_1_1_450x450_crop_center.jpg,JVT0252,9.99,men-gujarati-tshirts
fafda-01_450x450_crop_center.jpg,JVT0253,9.99,men-gujarati-tshirts
fafda-03_450x450_crop_center.jpg,JVT0254,9.99,men-gujarati-tshirts
foodie-kismat-ani-w_450x450_crop_center.jpg,JVT0255,9.99,men-gujarati-tshirts
foodie-kismat-white_450x450_crop_center.jpg,JVT0256,9.99,men-gujarati-tshirts
gabru-yellow_450x450_crop_center.jpg,JVT0257,9.99,men-gujarati-tshirts
gori-radha-white_450x450_crop_center.jpg,JVT0258,9.99,men-gujarati-tshirts
gujaratinilife2_450x450_crop_center.jpg,JVT0259,9.99,men-gujarati-tshirts
gujaratinilife302_450x450_crop_center.jpg,JVT0260,9.99,men-gujarati-tshirts
ha-mauj-ha-black_450x450_crop_center.jpg,JVT0261,9.99,men-gujarati-tshirts
innovative-gujrati-black_450x450_crop_center.jpg,JVT0262,9.99,men-gujarati-tshirts
jindagi-jivo-kamne-mano-b_450x450_crop_center.jpg,JVT0263,9.99,men-gujarati-tshirts
jindagi-jivo-kamne-mano-w_450x450_crop_center.jpg,JVT0264,9.99,men-gujarati-tshirts
kadki-white-bm_450x450_crop_center.jpg,JVT0265,9.99,men-gujarati-tshirts
kai-no-ghate-w_450x450_crop_center.jpg,JVT0266,9.99,men-gujarati-tshirts
kai-no-ghate-y_450x450_crop_center.jpg,JVT0267,9.99,men-gujarati-tshirts
maa-white-bm_450x450_crop_center.jpg,JVT0268,9.99,men-gujarati-tshirts
maa-white_450x450_crop_center.jpg,JVT0269,9.99,men-gujarati-tshirts
magajno1_450x450_crop_center.jpg,JVT0270,9.99,men-gujarati-tshirts
magajno4_450x450_crop_center.jpg,JVT0271,9.99,men-gujarati-tshirts
musafir-black_450x450_crop_center.jpg,JVT0272,9.99,men-gujarati-tshirts
musafir_450x450_crop_center.jpg,JVT0273,9.99,men-gujarati-tshirts
navri-praja-yellow_450x450_crop_center.jpg,JVT0274,9.99,men-gujarati-tshirts
paghadi-1_450x450_crop_center.jpg,JVT0275,9.99,men-gujarati-tshirts
proud-gujarati-black_450x450_crop_center.jpg,JVT0276,9.99,men-gujarati-tshirts
raam-mockup-black_450x450_crop_center.jpg,JVT0277,9.99,men-gujarati-tshirts
rakhdu-red-bm_450x450_crop_center.jpg,JVT0278,9.99,men-gujarati-tshirts
rakhdu-white-bm_450x450_crop_center.jpg,JVT0279,9.99,men-gujarati-tshirts
rastama-chhu_450x450_crop_center.jpg,JVT0280,9.99,men-gujarati-tshirts
surti-swag-black_450x450_crop_center.jpg,JVT0281,9.99,men-gujarati-tshirts
surtilala-black_450x450_crop_center.jpg,JVT0282,9.99,men-gujarati-tshirts
surtilala-white_450x450_crop_center.jpg,JVT0283,9.99,men-gujarati-tshirts
tel-leva-blue_450x450_crop_center.jpg,JVT0284,9.99,men-gujarati-tshirts
tel-leva-white_450x450_crop_center.jpg,JVT0285,9.99,men-gujarati-tshirts
tshirt-boleto-jakkas_627e071e-bfb6-4993-82b6-0bd69563385b_450x450_crop_center.jpg,JVT0286,9.99,men-gujarati-tshirts
vat-thi-gujarati-yellow_450x450_crop_center.jpg,JVT0287,9.99,men-gujarati-tshirts
GlobalGujaratan1_450x450_crop_center.jpg,JVT0288,9.99,women-tshirts
GlobalGujaratan2_450x450_crop_center.jpg,JVT0289,9.99,women-tshirts
woman1_450x450_crop_center.jpg,JVT0290,9.99,women-tshirts
woman2_450x450_crop_center.jpg,JVT0291,9.99,women-tshirts
